,ISO,COUNTRY,PRESS_RANK,PRESS_ABUSE,PRESS_SITUATION,PRESS_SCORE,ZONE,PEACE_RANK,PEACE_SCORE,PEACE_SUB_CONFLICT,PEACE_SUB_MILITARY,PEACE_SUB_SOCIETY,ECONOMIC_COST_VIOLENCE_PERCENTAGE_GDP,ECONOMIC_COST_VIOLENCE_PER_CAPITA,DEMOCRACY_RANK,DEMOCRACY_OVR_SCORE,ELECTORAL_PROCESS_PLURALISM,FUNCTIONING_GOVERNMENT,POLITICAL_PARTIC,POLITICAL_CUL,CIVIL_LIBER,REGIME_TYPE,INTERNET_FREEDOM,INTERNET_OBS_TO_ACCESS,INTERNET_CONTENT_LIMITS,INTERNET_USER_RIGHT_VIOL,INTERNET_FREEDOM_TOT_SCORE,hpp.9,b5s.ext,b5s.agr,b5s.con,b5s.neu,b5s.ope,LATEST_GINI,GEO_REGION,INCOME_GROUP,POWER_DISTANCE,INDIVIDUALISM_COLLECTIVISM,MASCULINITY_FEMININITY,UNCERTAINTY_AVOID,LONG_TERM_ORIENTATION,INDULGENCE_RESTRAINT
0,NOR,Norway,1,0,"7,818673197","7,82",UE Balkans,20,1.536,1.308,2.403,1.2429999999999999,4%,"2,563.8",1,9.87,10,9.64,10,10,9.71,Full democracies,,,,,,,,,,,,27.5,Europe & Central Asia,High income,31,69,8,50,35,55
1,FIN,Finland,2,0,"7,900013541","7,9",UE Balkans,14,1.4880000000000002,1.308,1.881,1.4169999999999998,4%,"1,905.3",8,9.14,10,8.93,8.33,8.75,9.71,Full democracies,,,,,,6,49.84,49.46,51.6,47.84,50.33,27.1,Europe & Central Asia,High income,33,63,26,59,38,57
2,SWE,Sweden,3,0,"8,309440514","8,31",UE Balkans,18,1.5330000000000001,1.3230000000000002,1.8840000000000001,1.495,4%,"2,249.7",3,9.39,9.58,9.64,8.33,10,9.41,Full democracies,,,,,,,,,,,,29.2,Europe & Central Asia,High income,31,71,5,29,53,78
3,NLD,Netherlands,4,0,"8,632713047","8,63",UE Balkans,17,1.53,1.119,2.06,1.557,4%,"2,350.3",11,8.89,9.58,9.29,8.33,8.13,9.12,Full democracies,,,,,,5,49.75,46.08,43.91,48.61,49.94,28.2,Europe & Central Asia,High income,38,80,14,53,67,68
4,DNK,Denmark,5,0,"9,867898622","9,87",UE Balkans,5,1.3159999999999998,1.32,1.3619999999999999,1.28,3%,"1,760.7",5,9.22,10,9.29,8.33,9.38,9.12,Full democracies,,,,,,,,,,,,28.2,Europe & Central Asia,High income,18,74,16,23,35,70
5,CHE,Switzerland,6,"6,931471806","10,49295239","10,52",UE Balkans,11,1.383,1.0590000000000002,2.039,1.274,4%,"2,293.2",10,9.03,9.58,9.29,7.78,9.38,9.12,Full democracies,,,,,,3,50.47,47.69,45.03,48.72,52.62,32.3,Europe & Central Asia,High income,34,68,70,58,74,66
6,NZL,New Zealand,7,0,"10,75469817","10,75",Asie-Pacifique,2,1.2209999999999999,1.024,1.186,1.395,4%,"1,686.3",4,9.26,10,9.29,8.89,8.13,10,Full democracies,,,,,,4,50.61,46.83,44.18,49.59,49.49,,East Asia & Pacific,High income,22,79,58,49,33,75
7,JAM,Jamaica,8,0,"11,12505862","11,13",Amériques,83,2.0380000000000003,1.2009999999999998,1.683,2.924,14%,"1,291.5",47,7.02,8.75,7.14,4.44,6.25,8.53,Flawed democracies,,,,,,,,,,,,45.5,Latin America & Caribbean,Upper middle income,45,39,68,13,,
8,BEL,Belgium,9,"16,09437912","11,06520887","12,07",UE Balkans,18,1.5330000000000001,1.173,1.5390000000000001,1.824,5%,"2,269.7",31,7.78,9.58,8.93,5,6.88,8.53,Flawed democracies,,,,,,4,45.99,45.07,43.03,53.6,54.59,27.7,Europe & Central Asia,High income,65,75,54,94,82,57
9,CRI,Costa Rica,10,0,"12,24322265","12,24",Amériques,33,1.706,1.2009999999999998,1.661,2.142,7%,"1,109.8",20,8.07,9.58,7.5,6.67,7.5,9.12,Full democracies,,,,,,,,,,,,48.3,Latin America & Caribbean,Upper middle income,35,15,21,86,,
10,EST,Estonia,11,0,"12,26769147","12,27",UE Balkans,37,1.7269999999999999,1.5090000000000001,1.558,1.983,7%,"2,108.5",23,7.97,9.58,8.21,6.67,6.88,8.53,Flawed democracies,FREE,0,3,3,6,7,50.41,49.58,45.84,46.99,53.17,32.7,Europe & Central Asia,High income,40,60,30,60,82,16
11,PRT,Portugal,12,0,"12,63248684","12,63",UE Balkans,3,1.274,1.083,1.2819999999999998,1.413,5%,"1,683.4",27,7.84,9.58,7.5,6.11,6.88,9.12,Flawed democracies,,,,,,18,48.06,49.52,47.75,50.21,50.29,35.5,Europe & Central Asia,High income,63,27,31,104,28,33
12,DEU,Germany,13,"30,44522438","10,63271529","14,6",UE Balkans,22,1.547,1.122,1.956,1.653,5%,"2,324.8",13,8.68,9.58,8.57,8.33,7.5,9.41,Full democracies,FREE,3,5,11,19,5,50.31,45.08,46.52,50.29,47.8,31.7,Europe & Central Asia,High income,35,67,66,65,83,40
13,ISL,Iceland,14,0,"14,71186004","14,71",UE Balkans,1,1.072,1.024,1.032,1.131,3%,"1,490.4",2,9.58,10,9.29,8.89,10,9.71,Full democracies,FREE,0,1,5,6,,,,,,,,Europe & Central Asia,High income,,,,,28,67
14,IRL,Ireland,15,0,"14,99690351",15,UE Balkans,12,1.39,1.225,1.3019999999999998,1.589,3%,"2,159.9",6,9.15,9.58,7.86,8.33,10,10,Full democracies,,,,,,,,,,,,31.8,Europe & Central Asia,High income,28,70,68,35,24,65
15,AUT,Austria,16,0,"15,32765593","15,33",UE Balkans,4,1.291,1.083,1.354,1.423,3%,"1,827.8",16,8.29,9.58,7.86,8.33,6.88,8.82,Full democracies,,,,,,6,50.61,45.9,46.73,49.69,49.29,30.5,Europe & Central Asia,High income,11,55,79,70,60,63
16,LUX,Luxembourg,17,0,"15,66327713","15,66",UE Balkans,,,,,,,,12,8.81,10,8.93,6.67,8.75,9.71,Full democracies,,,,,,,,,,,,33.8,Europe & Central Asia,High income,40,60,50,70,64,56
17,CAN,Canada,18,0,"15,68524916","15,69",Amériques,6,1.327,1.068,1.506,1.4380000000000002,3%,"1,606.2",6,9.15,9.58,9.64,7.78,8.75,10,Full democracies,FREE,2,4,9,15,1,48.32,49.14,49.05,50.58,48.75,34,North America,High income,39,80,52,48,36,68
18,URY,Uruguay,19,0,"16,0577482","16,06",Amériques,34,1.7109999999999999,1,1.6569999999999998,2.312,6%,"1,319.3",15,8.38,10,8.57,6.11,7.5,9.71,Full democracies,,,,,,,,,,,,39.5,Latin America & Caribbean,High income,61,36,38,100,26,53
19,SUR,Suriname,20,0,"16,37583261","16,38",Amériques,,,,,,,,49,6.98,9.17,6.43,6.67,5,7.65,Flawed democracies,,,,,,,,,,,,57.6,Latin America & Caribbean,Upper middle income,85,47,37,92,,
20,AUS,Australia,21,0,"16,54625447","16,55",Asie-Pacifique,13,1.419,1.071,1.796,1.5,6%,"2,876.6",9,9.09,10,8.93,7.78,8.75,10,Full democracies,FREE,2,6,13,21,11,48.98,47.51,45.87,50.82,50.07,35.8,East Asia & Pacific,High income,38,90,61,51,21,71
21,WSM,Samoa,22,0,"18,24691088","18,25",Asie-Pacifique,,,,,,,,,,,,,,,,,,,,,,,,,,,38.7,East Asia & Pacific,Upper middle income,,,,,,
22,NAM,Namibia,23,0,"18,95120387","18,95",Afrique,60,1.892,1.2009999999999998,1.827,2.49,11%,"1,172.7",69,6.25,5.67,5.36,6.67,5.63,7.94,Flawed democracies,,,,,,,,,,,,59.1,Sub-Saharan Africa,Upper middle income,,,,,,
23,LVA,Latvia,24,0,"19,53401604","19,53",UE Balkans,35,1.7180000000000002,1.474,1.415,2.0669999999999997,7%,"1,983.6",38,7.38,9.58,6.07,5.56,6.88,8.82,Flawed democracies,,,,,,7,49.39,43.79,44.21,51.11,49.91,34.2,Europe & Central Asia,High income,44,70,9,63,69,13
24,CPV,Cape Verde,25,"17,91759469","19,71783569","19,81",Afrique,,,,,,,,26,7.88,9.17,7.86,6.67,6.88,8.82,Flawed democracies,,,,,,,,,,,,47.2,Sub-Saharan Africa,Lower middle income,,,,,,
25,LIE,Liechtenstein,26,0,"20,4934081","20,49",UE Balkans,,,,,,,,,,,,,,,,,,,,,,,,,,,,Europe & Central Asia,High income,,,,,,
26,GHA,Ghana,27,"13,86294361","20,72276757","20,81",Afrique,44,1.796,1.545,1.86,1.976,3%,113.8,57,6.63,8.33,5.71,6.67,6.25,6.18,Flawed democracies,,,,,,,,,,,,43.5,Sub-Saharan Africa,Lower middle income,,,,,4,72
27,CYP,Cyprus,28,0,"21,73757895","21,74",UE Balkans,63,1.9140000000000001,1.604,1.569,2.29,30%,"7,762.6",35,7.59,9.17,6.43,6.67,6.88,8.82,Flawed democracies,,,,,,,,,,,,,,,,,,,,70
28,ESP,Spain,29,0,"21,99443663","21,99",UE Balkans,32,1.699,1.24,1.9280000000000002,1.943,5%,"1,730.2",19,8.08,9.17,7.14,7.78,7.5,8.82,Full democracies,,,,,,13,49,45.26,46.8,54.03,49.64,36.2,Europe & Central Asia,High income,57,51,42,86,48,44
29,LTU,Lithuania,30,0,"22,06225062","22,06",UE Balkans,38,1.7280000000000002,1.462,1.6219999999999999,1.985,7%,"2,394.7",36,7.5,9.58,6.43,6.11,6.25,9.12,Flawed democracies,,,,,,6,49.71,42.61,44.56,51.87,49.04,37.4,Europe & Central Asia,High income,42,60,19,65,82,16
30,ZAF,South Africa,31,"13,86294361","22,18560468","22,19",Afrique,127,2.399,1.651,1.882,3.301,13%,"1,697.1",40,7.24,7.42,7.5,8.33,5,7.94,Flawed democracies,FREE,8,6,11,25,14,49.61,49.97,49.61,49.01,49.01,63,Sub-Saharan Africa,Upper middle income,49,65,63,49,34,63
31,FRA,France,32,"27,72588722","20,82677372","22,21",UE Balkans,60,1.892,1.1909999999999998,2.766,1.949,6%,"2,840",29,7.8,9.58,7.5,7.78,5.63,8.53,Flawed democracies,FREE,3,6,16,25,9,45.44,46.64,49.26,52.29,48.09,32.7,Europe & Central Asia,High income,68,71,43,86,63,48
32,GBR,United Kingdom,33,"6,931471806","22,23147691","22,23",UE Balkans,45,1.801,1.139,2.555,1.895,7%,"2,979",14,8.53,9.58,7.5,8.33,8.13,9.12,Full democracies,FREE,2,6,15,23,4,49.79,47.31,46.89,51.39,45.97,33.2,Europe & Central Asia,High income,35,89,66,35,51,69
33,SVN,Slovenia,34,0,"22,31305097","22,31",UE Balkans,8,1.355,1.426,1.179,1.395,4%,"1,544",36,7.5,9.58,6.79,6.67,6.25,8.24,Flawed democracies,,,,,,5,50.54,50.18,49.24,45.28,50.5,25.4,Europe & Central Asia,High income,71,27,19,88,49,48
34,SVK,Slovakia,35,"44,9980967","18,22354556","23,58",UE Balkans,23,1.55,1.426,1.3880000000000001,1.746,5%,"1,618.6",44,7.1,9.58,6.79,5.56,5.63,7.94,Flawed democracies,,,,,,4,49.05,47.38,42.44,51.57,52.53,26.5,Europe & Central Asia,High income,104,52,110,51,77,28
35,BFA,Burkina Faso,36,0,"24,53273218","24,53",Afrique,104,2.176,1.732,1.925,2.695,5%,95.9,104,4.75,4.42,4.29,4.44,5.63,5,Hybrid regime,,,,,,,,,,,,35.3,Sub-Saharan Africa,Low income,,,,,27,18
36,AND,Andorra,37,0,"24,62800429","24,63",UE Balkans,,,,,,,,,,,,,,,,,,,,,,,,,,,,Europe & Central Asia,High income,,,,,,65
37,PNG,Papua New Guinea,38,0,"24,69750135","24,7",Asie-Pacifique,98,2.1180000000000003,1.403,1.739,2.911,3%,113.8,75,6.03,6.92,6.07,3.89,5.63,7.65,Flawed democracies,,,,,,,,,,,,41.9,East Asia & Pacific,Lower middle income,,,,,,
38,TTO,Trinidad and Tobago,39,0,"24,74375641","24,74",Amériques,93,2.094,1.2009999999999998,2.168,2.787,12%,"3,767",43,7.16,9.58,7.14,6.11,5.63,7.35,Flawed democracies,,,,,,,,,,,,,Latin America & Caribbean,High income,47,16,58,55,13,80
39,CZE,Czech Republic,40,"16,09437912","24,88628649","24,89",UE Balkans,10,1.375,1.083,1.349,1.611,5%,"1,729.4",34,7.69,9.58,6.79,6.67,6.88,8.53,Flawed democracies,,,,,,5,50.22,44.09,42.87,51.02,50.59,25.9,Europe & Central Asia,High income,57,58,57,74,70,29
40,KOR,South Korea,41,0,"24,93720501","24,94",Asie-Pacifique,55,1.867,1.829,2.381,1.595,5%,"2,117.8",21,8,9.17,7.86,7.22,7.5,8.24,Flawed democracies,PARTLY FREE,3,13,20,36,12,44.86,44.11,40.6,53.99,44.3,31.6,East Asia & Pacific,High income,60,18,39,85,100,29
41,TWN,Taiwan,42,0,"24,98211841","24,98",Asie-Pacifique,36,1.725,1.604,1.8230000000000002,1.7730000000000001,3%,854.8,32,7.73,9.58,8.21,6.11,5.63,9.12,Flawed democracies,,,,,,,,,,,,,,,58,17,45,69,93,49
42,ITA,Italy,43,"6,931471806","24,98259179","24,98",UE Balkans,39,1.754,1.107,2.022,2.122,5%,"1,996.3",33,7.71,9.58,6.07,7.78,6.88,8.24,Flawed democracies,FREE,4,6,15,25,15,49.8,46.52,48.62,51.66,50,35.4,Europe & Central Asia,High income,50,76,70,75,61,30
43,BWA,Botswana,44,0,"25,08580121","25,09",Afrique,30,1.676,1,1.6340000000000001,2.2430000000000003,9%,"1,582.3",28,7.81,9.17,7.14,6.11,7.5,9.12,Flawed democracies,,,,,,17,49.56,52.11,50.27,48.61,48.19,53.3,Sub-Saharan Africa,Upper middle income,,,,,,
44,TON,Tonga,45,0,"25,4146161","25,41",Asie-Pacifique,,,,,,,,,,,,,,,,,,,,,,,,,,,37.6,East Asia & Pacific,Upper middle income,,,,,,
45,CHL,Chile,46,0,"25,64656028","25,65",Amériques,27,1.6340000000000001,1,1.6969999999999998,2.1109999999999998,6%,"1,371.5",23,7.97,9.58,8.57,4.44,8.13,9.12,Flawed democracies,,,,,,9,47.55,47.02,49.72,51.39,54.69,46.6,Latin America & Caribbean,High income,63,23,28,86,31,68
46,ROU,Romania,47,0,"25,67152173","25,67",UE Balkans,25,1.6059999999999999,1.083,1.8119999999999998,1.9140000000000001,6%,"1,467.5",66,6.38,9.17,5.71,5,4.38,7.65,Flawed democracies,,,,,,11,50.33,45.31,48.1,48.03,53.13,35.9,Europe & Central Asia,Upper middle income,90,30,42,90,52,20
47,USA,United States,48,"63,00785795","16,36488788","25,69",Amériques,128,2.401,2.011,3.073,2.319,8%,"4,957.8",25,7.96,9.17,7.14,7.78,7.5,8.24,Flawed democracies,FREE,4,4,14,22,5,50,50,50,50,50,41.5,North America,High income,40,91,62,46,26,68
48,SEN,Senegal,49,"6,931471806","25,80693509","25,81",Afrique,58,1.883,1.6869999999999998,1.485,2.28,5%,184.1,73,6.15,7.5,6.07,4.44,6.25,6.47,Flawed democracies,,,,,,,,,,,,40.3,Sub-Saharan Africa,Lower middle income,,,,,,
49,XCD,OECS,50,0,"26,04114813","26,04",Amériques,,,,,,,,,,,,,,,,,,,,,,,,,,,,,,,,,,,
50,GUY,Guyana,51,0,"26,63013803","26,63",Amériques,92,2.075,1.403,1.605,2.875,9%,743.5,54,6.67,9.17,5.71,6.11,5,7.35,Flawed democracies,,,,,,,,,,,,44.6,Latin America & Caribbean,Upper middle income,,,,,,
51,FJI,Fiji,52,0,"27,18336923","27,18",Asie-Pacifique,,,,,,,,79,5.85,6.58,5.36,6.11,5.63,5.59,Hybrid regime,,,,,,12,49.68,49.27,46,48.03,47.21,36.7,East Asia & Pacific,Upper middle income,,,,,,
52,BLZ,Belize,53,0,"27,4957593","27,5",Amériques,,,,,,,,,,,,,,,,,,,,,,,,,,,53.3,Latin America & Caribbean,Upper middle income,,,,,,
53,MDG,Madagascar,54,0,"27,76067938","27,76",Afrique,55,1.867,1.4380000000000002,1.4280000000000002,2.4619999999999997,3%,47.8,95,5.22,6.08,3.57,6.11,5.63,4.71,Hybrid regime,,,,,,,,,,,,42.6,Sub-Saharan Africa,Low income,,,,,,
54,DOM,Dominican Republic,55,0,"27,89660446","27,9",Amériques,84,2.041,1.403,1.6640000000000001,2.763,6%,914.1,61,6.54,9.17,5.36,6.11,5,7.06,Flawed democracies,,,,,,,,,,,,45.7,Latin America & Caribbean,Upper middle income,,,,,13,54
55,COM,Comoros,56,"6,931471806","27,91303961","27,91",Afrique,,,,,,,,121,3.71,4.33,2.21,4.44,3.75,3.82,Authoritarian,,,,,,,,,,,,45.3,Sub-Saharan Africa,Lower middle income,,,,,,
56,ARG,Argentina,57,"20,79441542","28,30321415","28,3",Amériques,75,1.989,1.2009999999999998,1.784,2.74,7%,"1,341.7",47,7.02,9.17,5.36,6.11,6.25,8.24,Flawed democracies,FREE,6,8,14,28,12,49.1,42.75,48.18,55.05,50.83,40.6,Latin America & Caribbean,Upper middle income,49,46,56,86,20,62
57,MUS,Mauritius,58,0,"28,46428562","28,46",Afrique,24,1.5619999999999998,1,1.5019999999999998,2.044,4%,831.4,17,8.22,9.17,8.21,5.56,8.75,9.41,Full democracies,,,,,,,,,,,,35.8,Sub-Saharan Africa,Upper middle income,,,,,,
58,POL,Poland,59,0,"28,88947549","28,89",UE Balkans,29,1.6540000000000001,1.426,1.579,1.88,6%,"1,666.1",54,6.67,9.17,6.07,6.11,4.38,7.65,Flawed democracies,,,,,,5,49.12,46.74,46.15,51.8,49.06,30.8,Europe & Central Asia,High income,68,60,64,93,38,29
59,GEO,Georgia,60,"17,91759469","28,97921215","28,98",EEAC,99,2.122,1.829,1.821,2.511,14%,"1,398.4",89,5.5,7.83,3.57,6.11,4.38,5.59,Hybrid regime,FREE,6,6,13,25,,,,,,,37.9,Europe & Central Asia,Upper middle income,,,,,38,32
60,ARM,Armenia,61,"28,33213344","28,74148808","28,98",EEAC,118,2.294,2.437,1.942,2.3569999999999998,8%,732.6,103,4.79,5.67,4.64,5.56,2.5,5.59,Hybrid regime,FREE,5,8,14,27,,,,,,,33.6,Europe & Central Asia,Upper middle income,,,,,61,
61,HTI,Haiti,62,"24,8490665","28,6335862",29,Amériques,87,2.052,1.604,1.624,2.665,6%,102,102,4.91,5.58,2.93,3.89,6.25,5.88,Hybrid regime,,,,,,,,,,,,41.1,Latin America & Caribbean,Low income,,,,,,
62,BIH,Bosnia and Herzegovina,63,0,"29,02462866","29,02",UE Balkans,81,2.019,1.876,1.499,2.42,9%,"1,144.6",101,4.98,6.5,2.93,5.56,3.75,6.18,Hybrid regime,,,,,,,,,,,,33,Europe & Central Asia,Upper middle income,,,,,70,44
63,HRV,Croatia,64,"6,931471806","29,03159615","29,03",UE Balkans,28,1.645,1.426,1.57,1.854,6%,"1,659.6",60,6.57,9.17,6.07,5.56,5,7.06,Flawed democracies,,,,,,9,51.7,45.2,46.02,46.16,48,31.1,Europe & Central Asia,High income,73,33,40,80,58,33
64,GRC,Greece,65,"13,86294361","29,08402378","29,08",UE Balkans,65,1.933,1.829,2.173,1.9080000000000001,6%,"1,637.2",39,7.29,9.58,5.36,6.11,6.88,8.53,Flawed democracies,,,,,,14,48.6,52.42,47.45,53.19,51.53,36,Europe & Central Asia,High income,60,35,57,112,45,50
65,NER,Niger,66,"13,86294361","29,2556461","29,26",Afrique,126,2.394,2.233,1.77,2.906,8%,87.1,120,3.76,5.25,1.14,3.33,4.38,4.71,Authoritarian,,,,,,,,,,,,34.3,Sub-Saharan Africa,Low income,,,,,,
66,JPN,Japan,67,0,"29,36107969","29,36",Asie-Pacifique,9,1.369,1.403,1.4580000000000002,1.276,4%,"1,529.2",22,7.99,8.75,8.21,6.67,7.5,8.82,Flawed democracies,FREE,4,8,13,25,17,46.73,42.21,37.82,57.87,41.53,32.1,East Asia & Pacific,High income,54,46,95,92,88,42
67,MWI,Malawi,68,0,"29,36150475","29,36",Afrique,40,1.7790000000000001,1.403,1.615,2.191,2%,26.2,90,5.49,6.58,4.29,4.44,6.25,5.88,Hybrid regime,PARTLY FREE,16,10,13,39,,,,,,,44.7,Sub-Saharan Africa,Low income,,,,,,
68,SYC,Seychelles,69,0,"29,40631629","29,41",Afrique,,,,,,,,,,,,,,,,,,,,,,,,,,,46.8,Sub-Saharan Africa,High income,,,,,,
69,MNG,Mongolia,70,0,"29,51447132","29,51",Asie-Pacifique,42,1.7919999999999998,1.225,1.399,2.452,5%,675.3,62,6.5,9.17,5.71,5.56,5,7.06,Flawed democracies,,,,,,,,,,,,32.3,East Asia & Pacific,Lower middle income,,,,,,
70,CIV,Ivory Coast,71,"10,98612289","29,42054186","29,52",Afrique,107,2.2030000000000003,1.7169999999999999,1.764,2.858,6%,238.5,113,4.15,4.83,2.86,3.33,5.63,4.12,Hybrid regime,,,,,,,,,,,,41.5,Sub-Saharan Africa,Lower middle income,,,,,,
71,TUN,Tunisia,72,"20,79441542","29,60583605","29,61",MENA,82,2.035,1.709,1.6480000000000001,2.533,6%,698.4,63,6.41,6.42,5.71,7.78,6.25,5.88,Flawed democracies,PARTLY FREE,9,8,21,38,,,,,,,32.8,Middle East & North Africa,Lower middle income,,,,,,
72,HKG,Hong Kong,73,"10,98612289","29,64929785","29,65",Asie-Pacifique,,,,,,,,73,6.15,3.08,6.07,5.56,7.5,8.53,Flawed democracies,,,,,,16,46.91,42.69,41.53,52.41,41.64,,East Asia & Pacific,High income,68,25,57,29,61,17
73,CTU,Cyprus North,74,0,"29,67280683","29,67",UE Balkans,,,,,,,,,,,,,,,,,,,,,10,49.1,51.16,48.49,51.44,49.36,34,Europe & Central Asia,High income,,,,,,
74,XKO,Kosovo,75,0,"29,67937971","29,68",UE Balkans,86,2.049,1.805,1.575,2.529,7%,274.5,,,,,,,,,,,,,,,,,,,,29,Europe & Central Asia,Upper middle income,,,,,,
75,TGO,Togo,76,"6,931471806","29,69348608","29,69",Afrique,108,2.205,1.8880000000000001,1.7830000000000001,2.71,5%,81,138,3.1,3.17,0.79,3.33,5,3.24,Authoritarian,,,,,,,,,,,,43.1,Sub-Saharan Africa,Low income,,,,,,
76,MLT,Malta,77,0,"29,73527934","29,74",UE Balkans,,,,,,,,18,8.21,9.17,8.21,6.11,8.75,8.82,Full democracies,,,,,,9,50.45,49.56,45.97,52.35,50.66,29.4,Middle East & North Africa,High income,56,59,47,96,47,66
77,LSO,Lesotho,78,0,"29,73585954","29,74",Afrique,103,2.167,1.805,1.944,2.6,16%,453.4,56,6.64,9.17,5,6.67,5.63,6.76,Flawed democracies,,,,,,,,,,,,54.2,Sub-Saharan Africa,Lower middle income,,,,,,
78,PAN,Panama,79,0,"29,78227949","29,78",Amériques,47,1.804,1.2009999999999998,1.504,2.449,5%,"1,208.8",45,7.05,9.58,6.07,6.67,5,7.94,Flawed democracies,,,,,,,,,,,,49.9,Latin America & Caribbean,High income,95,11,44,86,,
79,BTN,Bhutan,80,0,"29,81081434","29,81",Asie-Pacifique,15,1.506,1.462,1.359,1.624,6%,528.9,94,5.3,8.75,6.79,2.78,4.38,3.82,Hybrid regime,,,,,,,,,,,,37.4,South Asia,Lower middle income,,,,,,
80,SLV,El Salvador,81,"6,931471806","29,81467577","29,81",Amériques,113,2.262,1.486,1.7280000000000002,3.1839999999999997,22%,"1,757.8",77,5.96,9.17,4.29,5.56,3.75,7.06,Hybrid regime,,,,,,,,,,,,38,Latin America & Caribbean,Lower middle income,66,19,40,94,20,89
81,ALB,Albania,82,"13,86294361","29,83647335","29,84",UE Balkans,51,1.821,1.225,1.656,2.392,6%,716,76,5.98,7,4.71,5.56,5,7.65,Hybrid regime,,,,,,,,,,,,29,Europe & Central Asia,Upper middle income,,,,,61,15
82,KGZ,Kyrgyzstan,83,"13,86294361","29,91721354","29,92",EEAC,95,2.105,2.006,1.6640000000000001,2.4659999999999997,5%,202.6,98,5.11,6.58,2.93,6.67,4.38,5,Hybrid regime,PARTLY FREE,10,10,18,38,,,,,,,27.3,Europe & Central Asia,Lower middle income,,,,,66,39
83,TLS,East Timor,84,0,"29,9250879","29,93",Asie-Pacifique,48,1.805,1.403,1.591,2.255,4%,295.9,42,7.19,9.08,6.79,5.56,6.88,7.65,Flawed democracies,,,,,,,,,,,,28.7,East Asia & Pacific,Lower middle income,,,,,,
84,PER,Peru,85,"17,91759469","30,2162548","30,22",Amériques,80,2.016,1.403,1.7730000000000001,2.647,6%,736.3,59,6.6,9.17,5,5.56,5.63,7.65,Flawed democracies,,,,,,15,48.35,43.64,47.36,53.39,51.29,43.3,Latin America & Caribbean,Upper middle income,64,16,42,87,25,46
85,SLE,Sierra Leone,86,"13,86294361","30,36041313","30,36",Afrique,52,1.8219999999999998,1.545,1.621,2.161,5%,74.5,105,4.66,6.58,1.86,3.33,6.25,5.29,Hybrid regime,,,,,,,,,,,,34,Sub-Saharan Africa,Low income,,,,,,
86,HUN,Hungary,87,0,"30,44078175","30,44",UE Balkans,21,1.54,1.462,1.151,1.814,6%,"1,651.6",57,6.63,8.75,6.07,5,6.25,7.06,Flawed democracies,FREE,4,11,14,29,,,,,,,30.4,Europe & Central Asia,High income,46,80,88,82,58,31
87,ISR,Israel,88,0,"30,80277993","30,8",MENA,146,2.735,2.231,3.88,2.51,7%,"2,868.6",30,7.79,9.17,7.5,8.89,7.5,5.88,Flawed democracies,,,,,,18,48.65,49.44,52.4,49.27,50.95,38.9,Middle East & North Africa,High income,13,54,47,81,38,
88,GNB,Guinea-Bissau,89,0,"30,95320755","30,95",Afrique,112,2.237,1.6869999999999998,2.319,2.659,5%,81.8,157,1.98,1.67,0,2.78,3.13,2.35,Authoritarian,,,,,,,,,,,,50.7,Sub-Saharan Africa,Low income,,,,,,
89,SRB,Serbia,90,0,"31,17961872","31,18",UE Balkans,50,1.8119999999999998,1.604,1.63,2.086,8%,930.9,63,6.41,8.25,5.36,6.11,5,7.35,Flawed democracies,,,,,,11,51.95,47.64,47.53,50.17,52.44,28.5,Europe & Central Asia,Upper middle income,86,25,43,92,52,28
90,MDA,Moldova,91,0,"31,21358922","31,21",EEAC,68,1.9509999999999998,1.805,1.2409999999999999,2.47,6%,277.2,79,5.85,7.08,4.64,6.11,4.38,7.06,Hybrid regime,,,,,,,,,,,,25.9,Europe & Central Asia,Lower middle income,,,,,71,19
91,GMB,Gambia,92,"6,931471806","31,34776518","31,35",Afrique,62,1.9080000000000001,1.462,1.749,2.353,6%,90.7,111,4.31,4.48,4.29,3.33,5.63,3.82,Hybrid regime,PARTLY FREE,16,14,25,55,,,,,,,35.9,Sub-Saharan Africa,Low income,,,,,,
92,LBR,Liberia,93,"10,98612289","31,4941287","31,49",Afrique,59,1.889,1.486,1.598,2.388,8%,99,93,5.35,7.42,2.57,5.56,5.63,5.59,Hybrid regime,,,,,,,,,,,,35.3,Sub-Saharan Africa,Low income,,,,,,
93,MRT,Mauritania,94,"41,27134385","28,75001924","31,65",Afrique,122,2.333,1.6869999999999998,1.8719999999999999,3.12,12%,472.7,119,3.82,3,3.57,5,3.13,4.41,Authoritarian,,,,,,,,,,,,32.6,Sub-Saharan Africa,Lower middle income,,,,,,
94,MKD,Macedonia,95,0,"31,6617345","31,66",UE Balkans,65,1.933,1.6280000000000001,1.7069999999999999,2.332,7%,"1,045.9",78,5.87,6.5,5.36,6.67,3.75,7.06,Hybrid regime,,,,,,,,,,,,35.6,Europe & Central Asia,Upper middle income,,,,,62,35
95,BEN,Benin,96,0,"31,74074087","31,74",Afrique,72,1.986,1.486,1.8430000000000002,2.48,6%,139.7,81,5.74,6.5,5.71,5,5.63,5.88,Hybrid regime,,,,,,,,,,,,47.8,Sub-Saharan Africa,Low income,,,,,,
96,ECU,Ecuador,97,"51,92956851","26,8717664","31,88",Amériques,71,1.98,1.403,1.8159999999999998,2.539,6%,662.9,68,6.27,8.75,5.36,6.11,4.38,6.76,Flawed democracies,PARTLY FREE,8,11,21,40,,,,,,,44.7,Latin America & Caribbean,Upper middle income,78,8,63,67,,
97,MDV,Maldives,98,"34,96507561","31,46346647","32,16",Asie-Pacifique,,,,,,,,,,,,,,,,,,,,,,,,,,,38.4,South Asia,Upper middle income,,,,,,
98,PRY,Paraguay,99,0,"32,3965931","32,4",Amériques,88,2.055,1.604,1.891,2.5340000000000003,5%,638.1,70,6.24,8.75,5.71,5,4.38,7.35,Flawed democracies,,,,,,,,,,,,48.8,Latin America & Caribbean,Upper middle income,,,,,,
99,KEN,Kenya,100,"30,44522438","32,40910187","32,44",Afrique,119,2.3,2.207,1.794,2.6910000000000003,5%,163.4,98,5.11,3.5,5.36,6.67,5.63,4.41,Hybrid regime,PARTLY FREE,7,8,17,32,,,,,,,40.8,Sub-Saharan Africa,Lower middle income,,,,,,
100,LBN,Lebanon,101,0,"32,44340251","32,44",MENA,147,2.8,2.682,2.329,3.187,8%,"1,151.2",106,4.63,3.92,2.21,6.67,5.63,4.71,Hybrid regime,PARTLY FREE,13,12,22,47,17,48.32,46.1,44.56,53.35,49.4,31.8,Middle East & North Africa,Upper middle income,75,40,65,50,14,25
101,UKR,Ukraine,102,"19,45910149","32,45501394","32,46",EEAC,150,2.95,3.173,2.157,3.259,14%,"1,137.5",84,5.69,6.17,3.21,6.67,6.25,6.18,Hybrid regime,PARTLY FREE,9,16,20,45,9,46.45,39.05,43.89,48.02,42.06,25,Europe & Central Asia,Lower middle income,92,25,27,95,86,14
102,MOZ,Mozambique,103,"13,86294361","32,65668146","32,66",Afrique,94,2.099,1.6340000000000001,1.94,2.585,5%,57,116,3.85,3.58,2.14,5,5,3.53,Authoritarian,,,,,,,,,,,,54,Sub-Saharan Africa,Low income,,,,,,
103,MNE,Montenegro,104,0,"32,74398647","32,74",UE Balkans,67,1.939,1.426,1.547,2.574,8%,"1,547.7",81,5.74,6.08,5.36,6.11,4.38,6.76,Hybrid regime,,,,,,,,,,,,31.9,Europe & Central Asia,Upper middle income,,,,,75,20
104,BRA,Brazil,105,"58,91644212","26,25677768","32,79",Amériques,116,2.271,1.247,2.211,3.138,9%,"1,411.8",50,6.97,9.58,5.36,6.67,5,8.24,Flawed democracies,PARTLY FREE,7,7,17,31,22,45.89,45.86,45.38,53.14,49.16,53.3,Latin America & Caribbean,Upper middle income,69,38,49,76,44,59
105,NPL,Nepal,106,"21,97224577","33,40447567","33,4",Asie-Pacifique,76,2.003,1.486,1.9380000000000002,2.454,5%,142.7,97,5.18,4.33,5.36,5,5.63,5.59,Hybrid regime,,,,,,,,,,,,32.8,South Asia,Low income,,,,,,
106,GIN,Guinea,107,"16,09437912","33,48508892","33,49",Afrique,100,2.125,1.501,2.037,2.693,5%,102.9,136,3.14,3.5,0.43,4.44,4.38,2.94,Authoritarian,,,,,,,,,,,,33.7,Sub-Saharan Africa,Low income,,,,,,
107,KWT,Kuwait,108,0,"33,86340652","33,86",MENA,43,1.794,1.5130000000000001,2.015,1.92,10%,"6,824.9",116,3.85,3.17,4.29,3.89,4.38,3.53,Authoritarian,,,,,,,,,,,,,Middle East & North Africa,High income,,,,,,
108,AGO,Angola,109,0,"34,95740796","34,96",Afrique,77,2.012,1.4180000000000001,1.744,2.642,8%,520.6,123,3.62,1.75,2.86,5.56,5,2.94,Authoritarian,PARTLY FREE,14,7,19,40,,,,,,,42.7,Sub-Saharan Africa,Lower middle income,,,,,,
109,ETH,Ethiopia,110,"16,09437912","35,11050195","35,11",Afrique,131,2.434,2.367,1.781,2.887,4%,73.7,128,3.35,0,3.57,5.56,5,2.65,Authoritarian,NOT FREE,23,29,31,83,20,47.11,51.82,54.36,46.12,47.15,39.1,Sub-Saharan Africa,Low income,,,,,,46
110,BGR,Bulgaria,111,0,"35,11490059","35,11",UE Balkans,26,1.607,1.024,1.689,2.032,7%,"1,419.9",46,7.03,9.17,6.43,7.22,4.38,7.94,Flawed democracies,,,,,,,,,,,,37.4,Europe & Central Asia,Upper middle income,70,30,40,85,69,16
111,MLI,Mali,112,"16,09437912","35,22782654","35,23",Afrique,145,2.71,2.582,1.865,3.3560000000000003,15%,325.2,91,5.41,7.42,3.93,3.89,5.63,6.18,Hybrid regime,,,,,,,,,,,,33,Sub-Saharan Africa,Low income,,,,,20,43
112,BOL,Bolivia,113,"16,09437912","35,37679556","35,38",Amériques,85,2.044,1.403,2.116,2.529,6%,464.3,83,5.7,7.5,4.64,5.56,3.75,7.06,Hybrid regime,,,,,,16,49.34,49.62,45.08,50.29,50.71,44,Latin America & Caribbean,Lower middle income,,,,,,
113,NIC,Nicaragua,114,"49,41642423","32,0642355","35,53",Amériques,120,2.312,2.006,1.665,2.949,5%,261.7,122,3.63,2.67,1.86,3.89,5.63,4.12,Authoritarian,,,,,,,,,,,,46.2,Latin America & Caribbean,Lower middle income,,,,,,
114,GAB,Gabon,115,0,"35,59988628","35,6",Afrique,96,2.112,1.604,1.926,2.636,7%,"1,188.4",124,3.61,2.58,2.21,4.44,5,3.82,Authoritarian,,,,,,,,,,,,38,Sub-Saharan Africa,Upper middle income,,,,,,
115,GTM,Guatemala,116,"10,98612289","35,93701797","35,94",Amériques,114,2.2640000000000002,1.604,1.801,3.065,9%,741.9,87,5.6,7.92,5.36,3.89,4.38,6.47,Hybrid regime,,,,,,,,,,,,48.3,Latin America & Caribbean,Upper middle income,95,6,37,101,,
116,COG,Congo,117,"10,98612289","36,04165694","36,04",Afrique,121,2.323,1.631,2.035,3.0460000000000003,12%,609.8,131,3.31,3.17,2.5,3.89,3.75,3.24,Authoritarian,,,,,,,,,,,,48.9,Sub-Saharan Africa,Lower middle income,,,,,,
117,TZA,Tanzania,118,"10,98612289","36,27616495","36,28",Afrique,54,1.86,1.4180000000000001,1.505,2.419,4%,99.8,91,5.41,7,5,5,5.63,4.41,Hybrid regime,,,,,,20,49.19,49.26,53.27,47.73,48.19,37.8,Sub-Saharan Africa,Low income,70,25,40,50,34,38
118,ZMB,Zambia,119,"13,86294361","36,37899965","36,38",Afrique,48,1.805,1.2009999999999998,1.6019999999999999,2.415,4%,157,86,5.61,6.17,4.64,3.89,6.88,6.47,Hybrid regime,PARTLY FREE,11,11,20,42,,,,,,,57.1,Sub-Saharan Africa,Lower middle income,,,,,30,42
119,NGA,Nigeria,120,"31,35494216","36,36268821","36,5",Afrique,148,2.898,3.102,2.045,3.2960000000000003,7%,417.9,108,4.44,6.08,4.64,3.33,3.75,4.41,Hybrid regime,PARTLY FREE,9,10,18,37,,,,,,,43,Sub-Saharan Africa,Lower middle income,80,30,60,55,13,84
120,AFG,Afghanistan,121,"72,07859871","27,66756673","36,55",Asie-Pacifique,163,3.574,3.674,2.403,4.198,47%,902.2,143,2.97,2.92,1.14,4.44,2.5,3.82,Authoritarian,,,,,,,,,,,,,South Asia,Low income,,,,,,
121,TCD,Chad,122,"23,97895273","36,70569913","36,71",Afrique,137,2.522,2.309,2.108,2.9589999999999996,9%,172.7,163,1.61,0,0,1.67,3.75,2.65,Authoritarian,,,,,,,,,,,,43.3,Sub-Saharan Africa,Low income,,,,,,
122,MYS,Malaysia,123,0,"36,7441891","36,74",Asie-Pacifique,16,1.5290000000000001,1.054,1.345,2,3%,933.5,52,6.88,7.75,7.86,6.67,6.25,5.88,Flawed democracies,PARTLY FREE,8,16,21,45,18,50.03,48.55,47.08,48.14,47.61,41,East Asia & Pacific,Upper middle income,104,26,50,36,41,57
123,IDN,Indonesia,124,"45,32599493","34,63191665","36,77",Asie-Pacifique,41,1.785,1.462,1.446,2.231,2%,279.6,65,6.39,6.92,7.14,6.67,5.63,5.59,Flawed democracies,PARTLY FREE,10,15,21,46,19,51.25,46.38,47.19,49.73,48.01,38.1,East Asia & Pacific,Lower middle income,78,14,46,48,62,38
124,UGA,Uganda,125,"28,90371758","39,41733665","39,42",Afrique,105,2.1959999999999997,1.8,1.808,2.722,6%,117.1,96,5.2,5.25,3.57,4.44,6.88,5.88,Hybrid regime,PARTLY FREE,10,10,21,41,,,,,,,42.8,Sub-Saharan Africa,Low income,,,,,24,52
125,LKA,Sri Lanka,126,0,"39,60550034","39,61",Asie-Pacifique,72,1.986,1.6280000000000001,1.8769999999999998,2.358,5%,655.9,71,6.19,7.83,5.71,5,6.25,6.18,Flawed democracies,PARTLY FREE,15,13,19,47,,,,,,,39.8,South Asia,Upper middle income,,,,,,
126,ZWE,Zimbabwe,127,"23,97895273","42,19746763","42,23",Afrique,132,2.463,2.006,2.138,3.035,5%,107.1,134,3.16,0.5,2,4.44,5.63,3.24,Authoritarian,PARTLY FREE,15,13,25,53,19,48.69,49.77,51.75,48.26,48.52,43.2,Sub-Saharan Africa,Lower middle income,,,,,15,28
127,QAT,Qatar,128,0,"42,51418099","42,51",MENA,31,1.696,1.545,2.0069999999999997,1.652,3%,"4,311.5",133,3.19,0,4.29,2.22,5.63,3.82,Authoritarian,,,,,,,,,,,,,Middle East & North Africa,High income,,,,,,
128,COL,Colombia,129,"58,99897354","38,77782878","42,82",Amériques,143,2.661,2.104,2.083,3.417,25%,"3,648",51,6.96,9.17,6.79,5,5.63,8.24,Flawed democracies,PARTLY FREE,8,8,15,31,,,,,,,49.7,Latin America & Caribbean,Upper middle income,67,13,64,80,13,83
129,JOR,Jordan,130,0,"43,10740837","43,11",MENA,77,2.012,1.729,2.04,2.2230000000000003,10%,854.3,115,3.93,3.58,4.29,3.89,4.38,3.53,Authoritarian,PARTLY FREE,11,15,23,49,15,48.35,53.73,49.77,49.86,47.1,33.7,Middle East & North Africa,Upper middle income,,,,,16,43
130,CMR,Cameroon,131,"32,95836866","43,31981156","43,32",Afrique,138,2.5380000000000003,2.498,1.9240000000000002,2.943,4%,152.3,132,3.28,3.17,2.86,3.33,4.38,2.65,Authoritarian,,,,,,,,,,,,46.6,Sub-Saharan Africa,Lower middle income,,,,,,
131,OMN,Oman,132,0,"43,42133967","43,42",MENA,69,1.953,1.403,2.734,1.9980000000000002,13%,"5,213",140,3.04,0,3.93,2.78,4.38,4.12,Authoritarian,,,,,,,,,,,,,Middle East & North Africa,High income,,,,,,
132,ARE,United Arab Emirates,133,"47,44932128","42,62444226","43,63",MENA,53,1.847,1.604,2.4290000000000003,1.7369999999999999,10%,"7,619.4",147,2.76,0,3.93,2.22,5,2.65,Authoritarian,NOT FREE,13,23,33,69,,,,,,,,Middle East & North Africa,High income,,,,,,
133,PHL,Philippines,134,"56,02118821","40,87901618","43,91",Asie-Pacifique,134,2.516,2.529,1.6540000000000001,3.0639999999999996,7%,613.7,53,6.71,9.17,5.71,7.22,4.38,7.06,Flawed democracies,PARTLY FREE,9,6,16,31,18,48.12,47.96,43.14,51.41,49.34,40.1,East Asia & Pacific,Lower middle income,94,32,64,44,27,42
134,MAR,Morocco,135,"43,82026635","43,27712646","43,98",MENA,90,2.07,1.9,1.837,2.339,5%,426.9,100,4.99,5.25,4.64,5,5.63,4.41,Hybrid regime,PARTLY FREE,11,10,24,45,19,48.81,48.95,45.22,50.87,49.1,39.5,Middle East & North Africa,Lower middle income,70,46,53,68,14,25
135,THA,Thailand,136,"46,5396035","43,48534155","44,1",Asie-Pacifique,116,2.278,2.035,1.5530000000000002,2.908,4%,761.6,106,4.63,3,4.29,5,5,5.88,Hybrid regime,NOT FREE,9,24,32,65,,,,,,,36.5,East Asia & Pacific,Upper middle income,64,20,34,64,32,45
136,PSE,Palestine,137,"57,49392986","40,93424696","44,68",MENA,142,2.608,2.6180000000000003,1.99,2.9219999999999997,13%,374,109,4.39,3.83,2.14,7.78,4.38,3.82,Hybrid regime,,,,,,,,,,,,33.7,Middle East & North Africa,Lower middle income,,,,,,
137,MMR,Myanmar,138,"39,70291914","44,91648663","44,92",Asie-Pacifique,125,2.3930000000000002,2.454,1.569,2.845,8%,355.8,118,3.83,3.67,3.93,3.89,5.63,2.06,Authoritarian,NOT FREE,15,19,30,64,,,,,,,38.1,East Asia & Pacific,Lower middle income,,,,,,
138,SSD,South Sudan,139,0,"45,65199543","45,65",Afrique,161,3.5260000000000002,3.6,2.47,4.09,17%,"1,021.6",,,,,,,,,,,,,,,,,,,,46.3,Sub-Saharan Africa,Low income,,,,,,
139,IND,India,140,"65,25029658","40,78038352","45,67",Asie-Pacifique,141,2.605,3.0389999999999997,2.5660000000000003,2.329,5%,366.6,41,7.23,9.17,6.79,7.22,5.63,7.35,Flawed democracies,PARTLY FREE,13,10,20,43,22,47.42,50.43,47.36,50,48.48,35.7,South Asia,Lower middle income,77,48,56,40,51,26
140,DZA,Algeria,141,"32,58096538","45,75158606","45,75",MENA,111,2.219,1.9269999999999998,2.2430000000000003,2.469,9%,"1,348",126,3.5,2.58,2.21,3.89,5,3.82,Authoritarian,,,,,,,,,,,,27.6,Middle East & North Africa,Upper middle income,,,,,26,32
141,PAK,Pakistan,142,"57,20311777","42,98375601","45,83",Asie-Pacifique,153,3.072,3.594,2.575,2.987,7%,395.3,112,4.17,6.08,5.36,2.22,2.5,4.71,Hybrid regime,NOT FREE,20,20,33,73,,,,,,,33.5,South Asia,Lower middle income,55,14,50,70,50,0
142,KHM,Cambodia,143,"36,3758616","45,89587418","45,9",Asie-Pacifique,89,2.066,1.486,2.043,2.552,4%,143.2,125,3.59,1.33,5,2.78,5.63,3.24,Authoritarian,PARTLY FREE,13,16,26,55,,,,,,,,East Asia & Pacific,Lower middle income,,,,,,
143,MEX,Mexico,144,"68,44815479","41,36309151","46,78",Amériques,140,2.6,2.62,1.723,3.156,10%,"1,836",71,6.19,8.33,6.07,7.22,3.13,6.18,Flawed democracies,PARTLY FREE,7,11,22,40,16,50.24,49.51,45.72,48,52.26,43.4,Latin America & Caribbean,Upper middle income,81,30,69,82,24,97
144,CAF,Central African Republic,145,"55,98421959","43,29010625","47,27",Afrique,157,3.2960000000000003,3.103,2.2569999999999997,4.061,42%,297.4,164,1.52,2.25,0,1.11,1.88,2.35,Authoritarian,,,,,,,,,,,,56.2,Sub-Saharan Africa,Low income,,,,,,
145,HND,Honduras,146,"36,63561646","48,53376369","48,53",Amériques,123,2.3409999999999997,1.403,1.9880000000000002,3.283,16%,790.9,85,5.63,8.5,4.64,4.44,4.38,6.18,Hybrid regime,,,,,,,,,,,,50.5,Latin America & Caribbean,Lower middle income,,,,,,
146,SWZ,Swaziland,147,0,"49,08766129","49,09",Afrique,72,1.986,1.403,1.609,2.6660000000000004,10%,870.6,141,3.03,0.92,2.86,2.22,5.63,3.53,Authoritarian,,,,,,,,,,,,51.5,Sub-Saharan Africa,Lower middle income,,,,,,
147,VEN,Venezuela,148,"41,89654742","49,03084997","49,1",Amériques,144,2.6710000000000003,2.006,1.8519999999999999,3.68,30%,"1,765.4",134,3.16,1.67,1.79,4.44,4.38,3.53,Authoritarian,NOT FREE,20,19,27,66,,,,,,,46.9,Latin America & Caribbean,Upper middle income,81,12,73,76,16,100
148,RUS,Russian Federation,149,"50,68904202","49,39630299","50,31",EEAC,154,3.093,2.9330000000000003,3.252,3.116,12%,"3,107.3",144,2.94,2.17,1.79,5,2.5,3.24,Authoritarian,NOT FREE,12,24,31,67,,,,,,,37.7,Europe & Central Asia,Upper middle income,93,39,36,95,81,20
149,BGD,Bangladesh,150,"55,49076085","49,19493786","50,74",Asie-Pacifique,101,2.128,1.979,1.6680000000000001,2.517,3%,134,88,5.57,7.83,5.07,5.56,4.38,5,Hybrid regime,PARTLY FREE,12,14,25,51,19,44.98,50.49,46.71,51.2,53.35,32.4,South Asia,Lower middle income,80,20,55,60,47,20
150,SGP,Singapore,151,0,"51,41377546","51,41",Asie-Pacifique,7,1.347,1.012,2.063,1.2329999999999999,5%,"4,688.4",66,6.38,4.33,7.86,6.11,6.25,7.35,Flawed democracies,PARTLY FREE,6,14,21,41,,,,,,,,East Asia & Pacific,High income,74,20,48,8,72,46
151,BRN,Brunei Darussalam,152,0,"51,48091854","51,48",Asie-Pacifique,,,,,,,,,,,,,,,,,,,,,,,,,,,,East Asia & Pacific,High income,,,,,,
152,BLR,Belarus,153,"30,91042453","51,65957848","51,66",EEAC,97,2.115,1.805,1.91,2.492,6%,"1,089.9",137,3.13,0.92,2.86,3.89,5.63,2.35,Authoritarian,NOT FREE,14,21,29,64,,,,,,,25.4,Europe & Central Asia,Upper middle income,,,,,81,15
153,COD,The Democratic Republic Of The Congo,154,"46,24972813","51,61806951","51,71",Afrique,155,3.218,3.197,2.003,3.98,14%,116.6,165,1.49,0.5,0.71,2.22,3.13,0.88,Authoritarian,,,,,,22,51.19,54.82,55.71,44.58,46.23,42.1,Sub-Saharan Africa,Low income,,,,,,
154,RWA,Rwanda,155,"10,98612289","52,42602571","52,43",Afrique,79,2.0140000000000002,1.743,1.608,2.448,5%,102.7,128,3.35,1.67,5,2.78,4.38,2.94,Authoritarian,PARTLY FREE,11,22,22,55,,,,,,,43.7,Sub-Saharan Africa,Low income,,,,,18,37
155,IRQ,Iraq,156,"38,91820298","52,47656789","52,6",MENA,159,3.3689999999999998,3.161,2.569,4.05,32%,"5,188.7",114,4.06,4.75,0.07,6.67,5,3.82,Hybrid regime,,,,,,,,,,,,29.5,Middle East & North Africa,Upper middle income,,,,,25,17
156,TUR,Turkey,157,"63,85194399","50,052447","52,81",EEAC,152,3.015,3.4530000000000003,2.083,3.2239999999999998,10%,"2,650.2",110,4.37,4.5,5,5,5,2.35,Hybrid regime,NOT FREE,11,25,30,66,15,51.59,47.89,48.71,49.88,52.7,41.9,Europe & Central Asia,Upper middle income,66,37,45,85,46,49
157,KAZ,Kazakhstan,158,"37,13572067","52,81852061","52,82",EEAC,64,1.932,1.604,1.8090000000000002,2.3,4%,"1,068.6",144,2.94,0.5,2.14,4.44,4.38,3.24,Authoritarian,NOT FREE,12,24,26,62,,,,,,,27.5,Europe & Central Asia,Upper middle income,,,,,,
158,BDI,Burundi,159,"10,98612289","52,88982573","52,89",Afrique,135,2.52,2.209,1.501,3.333,12%,81.9,153,2.33,0,0.43,3.89,5,2.35,Authoritarian,,,,,,,,,,,,38.6,Sub-Saharan Africa,Low income,,,,,,
159,UZB,Uzbekistan,160,"48,24305716","53,5172768","53,52",EEAC,102,2.166,1.805,2.102,2.51,8%,575.6,156,2.01,0.08,1.86,2.22,5,0.88,Authoritarian,NOT FREE,18,26,31,75,,,,,,,35.3,Europe & Central Asia,Lower middle income,,,,,,
160,TJK,Tajikistan,161,"37,84189634","54,02116882","54,02",EEAC,105,2.1959999999999997,2.03,1.8530000000000002,2.552,5%,146.4,159,1.93,0.08,0.79,1.67,6.25,0.88,Authoritarian,,,,,,,,,,,,34,Europe & Central Asia,Low income,,,,,,
161,LBY,Libya,162,"46,82131227","55,76504255","55,77",MENA,156,3.285,3.4,2.661,3.6180000000000003,22%,"4,201.4",154,2.19,1,0.36,1.67,5,2.94,Authoritarian,PARTLY FREE,17,11,23,51,,,,,,,,Middle East & North Africa,Upper middle income,,,,,,
162,EGY,Egypt,163,"62,74762021","54,9004708","56,47",MENA,136,2.521,2.6910000000000003,2.187,2.6189999999999998,6%,731.9,127,3.36,3.58,3.21,3.33,3.75,2.94,Authoritarian,NOT FREE,16,21,35,72,,,,,,,31.8,Middle East & North Africa,Lower middle income,,,,,7,4
163,SOM,Somalia,164,"53,13205979","57,24426453","57,24",Afrique,158,3.3,3.387,2.261,3.847,26%,118.6,,,,,,,,,,,,,,,,,,,,,Sub-Saharan Africa,Low income,,,,,,
164,GNQ,Equatorial Guinea,165,0,"58,35271146","58,35",Afrique,70,1.9569999999999999,1.403,1.886,2.45,2%,532.9,161,1.92,0,0.43,3.33,4.38,1.47,Authoritarian,,,,,,,,,,,,,Sub-Saharan Africa,Upper middle income,,,,,,
165,AZE,Azerbaijan,166,"66,73297968","56,46565124","59,13",EEAC,130,2.425,2.313,2.233,2.611,11%,"1,830.9",149,2.65,0.5,2.14,3.33,3.75,3.53,Authoritarian,PARTLY FREE,13,21,26,60,,,,,,,26.6,Europe & Central Asia,Upper middle income,,,,,61,22
166,BHR,Bahrain,167,"65,62444094","60,23224499","61,31",MENA,124,2.3569999999999998,2.137,1.883,2.819,8%,"3,685.8",148,2.71,0.83,3.21,2.78,4.38,2.35,Authoritarian,NOT FREE,10,27,34,71,,,,,,,,Middle East & North Africa,High income,,,,,,
167,YEM,Yemen,168,"69,35370446","59,73411583","61,66",MENA,160,3.412,3.67,2.484,3.778,21%,545.5,158,1.95,0,0,3.89,5,0.88,Authoritarian,,,,,,,,,,,,36.7,Middle East & North Africa,Low income,,,,,,
168,CUB,Cuba,169,"41,27134385","63,81148737","63,81",Amériques,91,2.073,1.805,1.6119999999999999,2.546,8%,711.7,142,3,1.08,3.57,3.33,4.38,2.65,Authoritarian,NOT FREE,20,26,33,79,,,,,,,,Latin America & Caribbean,Upper middle income,,,,,,
169,IRN,Islamic Republic of Iran,170,"59,55837369","64,40836905","64,41",MENA,139,2.542,2.523,1.969,2.8819999999999997,5%,"1,128.7",150,2.45,0,3.21,4.44,3.13,1.47,Authoritarian,NOT FREE,19,30,36,85,,,,,,,40,Middle East & North Africa,Upper middle income,58,41,43,59,14,40
170,LAO,Lao People's Democratic Republic,171,"56,34789603","64,49073961","64,49",Asie-Pacifique,45,1.801,1.403,1.7,2.197,4%,282.7,151,2.37,0.83,2.86,1.67,5,1.47,Authoritarian,,,,,,,,,,,,36.4,East Asia & Pacific,Lower middle income,,,,,,
171,SAU,Saudi Arabia,172,"65,52507887","64,48448777","65,88",MENA,129,2.4090000000000003,2.331,2.7489999999999997,2.325,13%,"7,081.5",159,1.93,0,2.86,2.22,3.13,1.47,Authoritarian,NOT FREE,14,25,34,73,,,,,,,,Middle East & North Africa,High income,,,,,36,52
172,DJI,Djibouti,173,0,"71,35735633","71,36",Afrique,109,2.207,1.903,2.0380000000000003,2.565,8%,271.4,146,2.87,0.42,1.79,3.89,5.63,2.65,Authoritarian,,,,,,,,,,,,41.6,Middle East & North Africa,Lower middle income,,,,,,
173,SYR,Syrian Arab Republic,174,"81,4612951","68,3144374","71,78",MENA,162,3.5660000000000003,3.8280000000000003,2.718,3.8689999999999998,67%,"1,582.9",166,1.43,0,0,2.78,4.38,0,Authoritarian,NOT FREE,20,26,37,83,,,,,,,35.8,Middle East & North Africa,Low income,,,,,,
174,SDN,Sudan,175,"40,94344562","72,45069816","72,45",Afrique,151,2.995,3.2910000000000004,2.092,3.3110000000000004,17%,820.7,155,2.15,0,1.79,2.78,5,1.18,Authoritarian,NOT FREE,17,19,29,65,,,,,,,35.4,Sub-Saharan Africa,Lower middle income,,,,,,
175,VNM,Vietnam,176,"64,19994928","74,92926695","74,93",Asie-Pacifique,57,1.8769999999999998,1.403,2.1109999999999998,2.116,6%,426.6,139,3.08,0,3.21,3.89,5.63,2.65,Authoritarian,NOT FREE,13,28,35,76,,,,,,,35.3,East Asia & Pacific,Lower middle income,70,20,40,30,57,35
176,CHN,China,177,"80,00349495","78,01240098","78,92",Asie-Pacifique,110,2.217,1.982,2.016,2.5180000000000002,4%,729.3,130,3.32,0,5,3.89,6.25,1.47,Authoritarian,NOT FREE,17,31,40,88,,,,,,,38.6,East Asia & Pacific,Upper middle income,80,20,66,30,87,24
177,ERI,Eritrea,178,"72,18176838","80,14927798","80,26",Afrique,133,2.504,1.619,1.97,3.431,13%,430.5,151,2.37,0,2.14,1.67,6.88,1.18,Authoritarian,,,,,,,,,,,,,Sub-Saharan Africa,Low income,,,,,,
178,PRK,North Korea,179,"51,92956851","82,73160424","83,4",Asie-Pacifique,149,2.9210000000000003,2.61,3.057,3.1,34%,230.4,167,1.08,0,2.5,1.67,1.25,0,Authoritarian,,,,,,,,,,,,,East Asia & Pacific,Low income,,,,,,
179,TKM,Turkmenistan,180,0,"85,44395873","85,44",EEAC,115,2.265,1.805,2.187,2.705,6%,"1,112.7",162,1.72,0,0.79,2.22,5,0.59,Authoritarian,,,,,,,,,,,,40.8,Europe & Central Asia,Upper middle income,,,,,,